Date,Game_Pk,Away_Team,Home_Team,Game_Status,Projection_Time,Away_Pitcher,Home_Pitcher,Away_Win_Prob,Home_Win_Prob,Away_Proj_Runs,Home_Proj_Runs,Proj_Total,Pinnacle_Away_ML,Pinnacle_Home_ML,Pinnacle_Total_Line,Pinnacle_Over_Odds,Pinnacle_Under_Odds,Away_NoVig_Prob,Home_NoVig_Prob,Away_Blend_Prob,Home_Blend_Prob,Model_Over_Prob,Blend_Over_Prob,Push_Prob,Away_EV,Away_Kelly,Home_EV,Home_Kelly,Over_EV,Over_Kelly,Under_EV,Under_Kelly,Actual_Away_Runs,Actual_Home_Runs,Actual_Total,Lineups_Confirmed
2026-09-10,N/A,COL,NYY,Final,N/A,N/A,N/A,9.2,90.8,2.88,6.44,9.3,241,-270,8.5,N/A,N/A,N/A,N/A,N/A,N/A,N/A,N/A,N/A,-68.6,,24.4,,18.6,,-22.6,,3,10,13,N/A
2026-09-10,N/A,HOU,PHI,Final,N/A,N/A,N/A,18.7,81.3,3.22,5.47,8.7,N/A,N/A,N/A,N/A,N/A,N/A,N/A,N/A,N/A,N/A,N/A,N/A,N/A,,N/A,,N/A,,N/A,,2,1,3,N/A
2026-09-10,N/A,PIT,CHW,Final,N/A,N/A,N/A,4.0,96.0,1.21,4.85,6.1,101,-109,7.5,N/A,N/A,N/A,N/A,N/A,N/A,N/A,N/A,N/A,-92.0,,84.1,,-49.8,,45.5,,2,0,2,N/A
2026-09-10,N/A,TBR,ATL,Final,N/A,N/A,N/A,57.4,42.6,3.38,2.98,6.4,N/A,N/A,N/A,N/A,N/A,N/A,N/A,N/A,N/A,N/A,N/A,N/A,N/A,,N/A,,N/A,,N/A,,1,3,4,N/A
2026-09-10,N/A,TEX,SEA,Final,N/A,N/A,N/A,51.7,48.3,3.44,3.35,6.8,-1766,988,5.5,N/A,N/A,N/A,N/A,N/A,N/A,N/A,N/A,N/A,-45.4,,425.5,,40.9,,-42.4,,3,4,7,N/A
2026-09-11,N/A,BAL,TOR,Final,N/A,N/A,N/A,60.2,39.8,4.87,4.18,9.1,122,-133,8.0,N/A,N/A,N/A,N/A,N/A,N/A,N/A,N/A,N/A,33.6,,-30.3,,24.8,,-27.8,,7,4,11,N/A
2026-09-11,N/A,CHW,STL,Final,N/A,N/A,N/A,60.6,39.4,5.15,4.41,9.6,-108,-101,8.0,N/A,N/A,N/A,N/A,N/A,N/A,N/A,N/A,N/A,16.7,,-21.6,,30.3,,-36.7,,3,7,10,N/A
2026-09-11,N/A,CIN,MIL,Final,N/A,N/A,N/A,31.2,68.8,4.03,5.37,9.4,175,-192,8.0,N/A,N/A,N/A,N/A,N/A,N/A,N/A,N/A,N/A,-14.2,,4.6,,28.4,,-33.1,,0,20,20,N/A
2026-09-11,N/A,CLE,MIN,Final,N/A,N/A,N/A,55.3,44.7,4.08,3.75,7.8,-112,103,7.5,N/A,N/A,N/A,N/A,N/A,N/A,N/A,N/A,N/A,4.7,,-9.3,,1.8,,-7.5,,5,2,7,N/A
2026-09-11,N/A,COL,DET,Final,N/A,N/A,N/A,46.5,53.5,4.49,4.73,9.2,162,-178,8.0,N/A,N/A,N/A,N/A,N/A,N/A,N/A,N/A,N/A,21.8,,-16.4,,24.8,,-29.8,,2,6,8,N/A
2026-09-11,N/A,HOU,TBR,Final,N/A,N/A,N/A,36.6,63.4,3.6,4.43,8.0,153,-166,8.0,N/A,N/A,N/A,N/A,N/A,N/A,N/A,N/A,N/A,-7.4,,1.6,,-2.5,,-2.5,,1,3,4,N/A
2026-09-11,N/A,KCR,BOS,Final,N/A,N/A,N/A,24.3,75.7,3.64,5.49,9.1,178,-195,8.0,N/A,N/A,N/A,N/A,N/A,N/A,N/A,N/A,N/A,-32.4,,14.5,,18.6,,-25.4,,3,2,5,N/A
2026-09-11,N/A,LAA,WSN,Final,N/A,N/A,N/A,31.7,68.3,3.95,5.25,9.2,135,-147,7.5,N/A,N/A,N/A,N/A,N/A,N/A,N/A,N/A,N/A,-25.5,,14.8,,32.5,,-39.4,,3,4,7,N/A
2026-09-11,N/A,LAD,MIA,Final,N/A,N/A,N/A,61.6,38.4,4.85,4.08,8.9,-203,184,7.5,N/A,N/A,N/A,N/A,N/A,N/A,N/A,N/A,N/A,-8.1,,9.1,,36.2,,-38.5,,6,2,8,N/A
2026-09-11,N/A,NYM,NYY,Final,N/A,N/A,N/A,42.6,57.4,3.71,4.18,7.9,120,-130,8.0,N/A,N/A,N/A,N/A,N/A,N/A,N/A,N/A,N/A,-6.3,,1.6,,-12.3,,8.2,,4,6,10,N/A
2026-09-11,N/A,PHI,ATL,Final,N/A,N/A,N/A,30.3,69.7,3.42,4.73,8.1,160,-175,7.0,N/A,N/A,N/A,N/A,N/A,N/A,N/A,N/A,N/A,-21.2,,9.5,,20.1,,-26.3,,5,6,11,N/A
2026-09-11,N/A,PIT,CHC,Final,N/A,N/A,N/A,37.9,62.1,4.7,5.56,10.3,167,-183,8.5,N/A,N/A,N/A,N/A,N/A,N/A,N/A,N/A,N/A,1.2,,-4.0,,37.1,,-41.7,,2,12,14,N/A
2026-09-11,N/A,SDP,SFG,Final,N/A,N/A,N/A,56.4,43.6,4.08,3.66,7.7,-139,128,8.0,N/A,N/A,N/A,N/A,N/A,N/A,N/A,N/A,N/A,-3.0,,-0.6,,-11.4,,5.7,,7,5,12,N/A
2026-09-11,N/A,SEA,OAK,Final,N/A,N/A,N/A,59.5,40.5,4.75,4.11,8.9,-156,143,10.5,N/A,N/A,N/A,N/A,N/A,N/A,N/A,N/A,N/A,-2.4,,-1.6,,-44.4,,36.0,,5,6,11,N/A
2026-09-11,N/A,TEX,ARI,Final,N/A,N/A,N/A,45.8,54.2,4.1,4.38,8.5,103,-111,8.5,N/A,N/A,N/A,N/A,N/A,N/A,N/A,N/A,N/A,-7.0,,3.0,,-11.5,,6.5,,1,9,10,N/A
2026-09-12,N/A,BAL,TOR,Final,N/A,N/A,N/A,47.4,52.6,3.9,4.08,8.0,102,-113,8.5,N/A,N/A,N/A,N/A,N/A,N/A,N/A,N/A,N/A,-4.3,,-0.9,,-19.7,,12.5,,3,7,10,N/A
2026-09-12,N/A,CHW,STL,Final,N/A,N/A,N/A,52.8,47.2,4.06,3.91,8.0,-101,-107,8.5,N/A,N/A,N/A,N/A,N/A,N/A,N/A,N/A,N/A,5.1,,-8.7,,-19.2,,12.8,,6,5,11,N/A
2026-09-12,N/A,CIN,MIL,Final,N/A,N/A,N/A,23.8,76.2,3.88,5.83,9.7,,,,N/A,N/A,N/A,N/A,N/A,N/A,N/A,N/A,N/A,,,,,,,,,9,13,22,N/A
2026-09-12,N/A,CLE,MIN,Final,N/A,N/A,N/A,55.8,44.2,4.74,4.34,9.1,,,,N/A,N/A,N/A,N/A,N/A,N/A,N/A,N/A,N/A,,,,,,,,,3,4,7,N/A
2026-09-12,N/A,COL,DET,Final,N/A,N/A,N/A,38.5,61.5,4.38,5.17,9.6,153,-171,8.5,N/A,N/A,N/A,N/A,N/A,N/A,N/A,N/A,N/A,-2.6,,-2.5,,20.6,,-26.5,,7,11,18,N/A
2026-09-12,N/A,HOU,TBR,Final,N/A,N/A,N/A,50.7,49.3,4.27,4.19,8.5,129,-140,8.0,N/A,N/A,N/A,N/A,N/A,N/A,N/A,N/A,N/A,16.1,,-15.5,,4.6,,-9.5,,2,3,5,N/A
2026-09-12,N/A,KCR,BOS,Final,N/A,N/A,N/A,45.8,54.2,4.09,4.34,8.4,172,-189,8.5,N/A,N/A,N/A,N/A,N/A,N/A,N/A,N/A,N/A,24.6,,-17.1,,-10.5,,5.0,,1,5,6,N/A
2026-09-12,N/A,LAA,WSN,Final,N/A,N/A,N/A,40.3,59.7,3.91,4.56,8.5,102,-110,8.0,N/A,N/A,N/A,N/A,N/A,N/A,N/A,N/A,N/A,-18.6,,14.0,,6.0,,-10.8,,5,6,11,N/A
2026-09-12,N/A,LAD,MIA,Final,N/A,N/A,N/A,62.2,37.8,4.48,3.68,8.2,-181,165,8.0,N/A,N/A,N/A,N/A,N/A,N/A,N/A,N/A,N/A,-3.4,,0.2,,-0.0,,-4.5,,3,4,7,N/A
2026-09-12,N/A,NYM,NYY,Final,N/A,N/A,N/A,38.5,61.5,3.6,4.3,7.9,164,-180,8.0,N/A,N/A,N/A,N/A,N/A,N/A,N/A,N/A,N/A,1.6,,-4.3,,-11.5,,7.0,,12,2,14,N/A
2026-09-12,N/A,PHI,ATL,Final,N/A,N/A,N/A,45.3,54.7,4.19,4.53,8.7,109,-118,7.5,N/A,N/A,N/A,N/A,N/A,N/A,N/A,N/A,N/A,-5.3,,1.1,,22.5,,-29.8,,2,12,14,N/A
2026-09-12,N/A,PIT,CHC,Final,N/A,N/A,N/A,33.6,66.4,4.26,5.43,9.7,112,-122,9.0,N/A,N/A,N/A,N/A,N/A,N/A,N/A,N/A,N/A,-28.8,,20.8,,10.1,,-15.3,,3,4,7,N/A
2026-09-12,N/A,SDP,SFG,Final,N/A,N/A,N/A,59.3,40.7,3.93,3.38,7.3,-157,144,8.0,N/A,N/A,N/A,N/A,N/A,N/A,N/A,N/A,N/A,-2.9,,-0.7,,-25.6,,20.3,,7,6,13,N/A
2026-09-12,N/A,SEA,OAK,Final,N/A,N/A,N/A,55.6,44.4,4.37,4.05,8.4,-164,151,9.5,N/A,N/A,N/A,N/A,N/A,N/A,N/A,N/A,N/A,-10.5,,11.4,,-35.4,,30.7,,19,1,20,N/A
2026-09-12,N/A,TEX,ARI,Final,N/A,N/A,N/A,39.1,60.9,3.85,4.56,8.4,124,-134,8.5,N/A,N/A,N/A,N/A,N/A,N/A,N/A,N/A,N/A,-12.4,,6.3,,-11.4,,6.4,,6,2,8,N/A
2026-09-13,N/A,BAL,TOR,Final,N/A,N/A,N/A,44.3,55.7,3.66,4.07,7.7,130,-142,7.5,N/A,N/A,N/A,N/A,N/A,N/A,N/A,N/A,N/A,1.9,,-5.1,,5.3,,-10.1,,1,8,9,N/A
2026-09-13,N/A,CHW,STL,Final,N/A,N/A,N/A,49.8,50.2,4.35,4.35,8.7,-123,111,8.0,N/A,N/A,N/A,N/A,N/A,N/A,N/A,N/A,N/A,-9.7,,5.9,,9.5,,-15.7,,1,3,4,N/A
2026-09-13,N/A,CIN,MIL,Final,N/A,N/A,N/A,38.9,61.1,4.0,4.78,8.8,170,-191,8.0,N/A,N/A,N/A,N/A,N/A,N/A,N/A,N/A,N/A,5.0,,-6.9,,14.9,,-19.9,,4,3,7,N/A
2026-09-13,N/A,CLE,MIN,Final,N/A,N/A,N/A,47.0,53.0,4.27,4.46,8.7,114,-126,8.0,N/A,N/A,N/A,N/A,N/A,N/A,N/A,N/A,N/A,0.6,,-4.9,,13.7,,-18.7,,9,2,11,N/A
2026-09-13,N/A,COL,DET,Final,N/A,N/A,N/A,39.3,60.7,4.47,5.21,9.7,135,-147,9.0,N/A,N/A,N/A,N/A,N/A,N/A,N/A,N/A,N/A,-7.6,,2.0,,12.4,,-16.5,,1,8,9,N/A
2026-09-13,N/A,HOU,TBR,Final,N/A,N/A,N/A,54.2,45.8,4.51,4.22,8.7,120,-130,8.0,N/A,N/A,N/A,N/A,N/A,N/A,N/A,N/A,N/A,19.2,,-19.0,,14.9,,-18.9,,4,14,18,N/A
2026-09-13,N/A,KCR,BOS,Final,N/A,N/A,N/A,36.7,63.3,3.9,4.79,8.7,158,-172,7.5,N/A,N/A,N/A,N/A,N/A,N/A,N/A,N/A,N/A,-5.3,,0.1,,28.3,,-32.1,,1,4,5,N/A
2026-09-13,N/A,LAA,WSN,Final,N/A,N/A,N/A,32.5,67.5,4.74,6.02,10.8,106,-114,9.0,N/A,N/A,N/A,N/A,N/A,N/A,N/A,N/A,N/A,-33.0,,26.7,,30.9,,-37.9,,5,6,11,N/A
2026-09-13,N/A,LAD,MIA,Final,N/A,N/A,N/A,57.8,42.2,4.79,4.28,9.1,-145,133,8.5,N/A,N/A,N/A,N/A,N/A,N/A,N/A,N/A,N/A,-2.3,,-1.7,,10.6,,-15.5,,4,6,10,N/A
2026-09-13,N/A,NYM,NYY,Final,N/A,N/A,N/A,30.6,69.4,3.09,4.29,7.4,157,-172,7.5,N/A,N/A,N/A,N/A,N/A,N/A,N/A,N/A,N/A,-21.4,,9.7,,-14.8,,9.6,,0,2,2,N/A
2026-09-13,N/A,PHI,ATL,Final,N/A,N/A,N/A,33.2,66.8,3.91,5.06,9.0,115,-124,9.0,N/A,N/A,N/A,N/A,N/A,N/A,N/A,N/A,N/A,-28.6,,20.7,,-6.3,,1.3,,9,4,13,N/A
2026-09-13,N/A,PIT,CHC,Final,N/A,N/A,N/A,38.0,62.0,4.79,5.69,10.5,126,-136,7.0,N/A,N/A,N/A,N/A,N/A,N/A,N/A,N/A,N/A,-14.1,,7.6,,76.5,,-73.9,,4,3,7,N/A
2026-09-13,N/A,SDP,SFG,Final,N/A,N/A,N/A,54.5,45.5,4.06,3.81,7.9,-120,110,7.0,N/A,N/A,N/A,N/A,N/A,N/A,N/A,N/A,N/A,-0.1,,-4.4,,15.5,,-20.7,,6,4,10,N/A
2026-09-13,N/A,SEA,OAK,Final,N/A,N/A,N/A,54.3,45.7,4.4,4.13,8.5,-136,125,9.5,N/A,N/A,N/A,N/A,N/A,N/A,N/A,N/A,N/A,-5.8,,2.8,,-34.6,,31.0,,7,8,15,N/A
2026-09-13,N/A,TEX,ARI,Final,N/A,N/A,N/A,38.9,61.1,3.36,4.01,7.4,126,-139,8.0,N/A,N/A,N/A,N/A,N/A,N/A,N/A,N/A,N/A,-12.1,,5.1,,-25.7,,21.0,,7,6,13,N/A
2026-09-14,N/A,ATL,CHC,Final,N/A,N/A,N/A,50.1,49.9,5.23,5.2,10.4,118,-128,9.5,N/A,N/A,N/A,N/A,N/A,N/A,N/A,N/A,N/A,9.2,,-11.1,,18.2,,-23.0,,3,7,10,N/A
2026-09-14,N/A,BAL,NYM,Final,N/A,N/A,N/A,56.1,43.9,4.48,4.1,8.6,127,-138,8.0,N/A,N/A,N/A,N/A,N/A,N/A,N/A,N/A,N/A,27.3,,-24.3,,5.1,,-10.3,,2,1,3,N/A
2026-09-14,N/A,CHW,CLE,Final,N/A,N/A,N/A,59.1,40.9,4.21,3.63,7.8,110,-121,8.5,N/A,N/A,N/A,N/A,N/A,N/A,N/A,N/A,N/A,24.1,,-25.3,,-25.8,,19.2,,7,3,10,N/A
2026-09-14,N/A,DET,TOR,Final,N/A,N/A,N/A,61.4,38.6,4.03,3.34,7.4,125,-135,7.5,N/A,N/A,N/A,N/A,N/A,N/A,N/A,N/A,N/A,38.1,,-32.8,,-10.5,,4.7,,6,5,11,N/A
2026-09-14,N/A,LAD,CIN,Final,N/A,N/A,N/A,79.4,20.6,5.87,3.66,9.5,-220,194,8.5,N/A,N/A,N/A,N/A,N/A,N/A,N/A,N/A,N/A,15.5,,-39.4,,20.0,,-25.9,,4,1,5,N/A
2026-09-14,N/A,MIA,ARI,Final,N/A,N/A,N/A,51.3,48.7,4.29,4.2,8.5,116,-125,8.5,N/A,N/A,N/A,N/A,N/A,N/A,N/A,N/A,N/A,10.8,,-12.3,,-4.6,,-0.9,,7,8,15,N/A
2026-09-14,N/A,NYY,MIN,Final,N/A,N/A,N/A,61.4,38.6,5.26,4.44,9.7,-121,111,8.0,N/A,N/A,N/A,N/A,N/A,N/A,N/A,N/A,N/A,12.1,,-18.6,,31.6,,-38.7,,8,3,11,N/A
2026-09-14,N/A,SDP,COL,Final,N/A,N/A,N/A,63.0,37.0,6.81,5.77,12.6,-209,190,11.0,N/A,N/A,N/A,N/A,N/A,N/A,N/A,N/A,N/A,-6.9,,7.3,,25.0,,-31.1,,8,7,15,N/A
2026-09-14,N/A,SEA,LAA,Final,N/A,N/A,N/A,44.9,55.1,3.82,4.11,7.9,-105,-103,7.5,N/A,N/A,N/A,N/A,N/A,N/A,N/A,N/A,N/A,-12.3,,8.6,,2.5,,-8.8,,4,6,10,N/A
2026-09-14,N/A,SFG,STL,Final,N/A,N/A,N/A,44.6,55.4,4.02,4.37,8.4,132,-144,8.0,N/A,N/A,N/A,N/A,N/A,N/A,N/A,N/A,N/A,3.5,,-6.1,,5.9,,-10.5,,1,2,3,N/A
2026-09-15,N/A,ATL,CHC,Final,N/A,N/A,N/A,54.6,45.4,4.9,4.59,9.5,127,-138,8.5,N/A,N/A,N/A,N/A,N/A,N/A,N/A,N/A,N/A,23.9,,-21.7,,18.0,,-23.5,,6,3,9,N/A
2026-09-15,N/A,BAL,NYM,Final,N/A,N/A,N/A,56.3,43.7,4.58,4.19,8.8,116,-126,8.0,N/A,N/A,N/A,N/A,N/A,N/A,N/A,N/A,N/A,21.6,,-21.6,,10.9,,-16.2,,7,5,12,N/A
2026-09-15,N/A,BOS,TEX,Final,N/A,N/A,N/A,50.8,49.2,4.15,4.13,8.3,123,-133,7.5,N/A,N/A,N/A,N/A,N/A,N/A,N/A,N/A,N/A,13.3,,-13.8,,9.9,,-16.7,,2,4,6,N/A
2026-09-15,N/A,CHW,CLE,Final,N/A,N/A,N/A,53.7,46.3,4.29,4.06,8.4,139,-151,8.5,N/A,N/A,N/A,N/A,N/A,N/A,N/A,N/A,N/A,28.3,,-23.0,,-16.2,,12.2,,6,7,13,N/A
2026-09-15,N/A,DET,TOR,Final,N/A,N/A,N/A,57.8,42.2,4.25,3.77,8.0,126,-137,8.0,N/A,N/A,N/A,N/A,N/A,N/A,N/A,N/A,N/A,30.6,,-27.0,,-10.1,,5.7,,10,1,11,N/A
2026-09-15,N/A,KCR,HOU,Final,N/A,N/A,N/A,50.4,49.6,4.07,4.08,8.2,144,-157,8.0,N/A,N/A,N/A,N/A,N/A,N/A,N/A,N/A,N/A,23.0,,-18.8,,0.2,,-4.8,,2,4,6,N/A
2026-09-15,N/A,LAD,CIN,Final,N/A,N/A,N/A,86.2,13.8,6.39,3.41,9.8,-232,209,8.5,N/A,N/A,N/A,N/A,N/A,N/A,N/A,N/A,N/A,23.4,,-57.4,,26.4,,-31.5,,4,0,4,N/A
2026-09-15,N/A,MIA,ARI,Final,N/A,N/A,N/A,40.5,59.5,4.0,4.59,8.6,130,-141,8.5,N/A,N/A,N/A,N/A,N/A,N/A,N/A,N/A,N/A,-6.9,,1.7,,-8.3,,2.7,,4,2,6,N/A
2026-09-15,N/A,MIL,PIT,Final,N/A,N/A,N/A,69.9,30.1,4.82,3.5,8.3,-199,181,7.5,N/A,N/A,N/A,N/A,N/A,N/A,N/A,N/A,N/A,5.0,,-15.4,,21.6,,-24.9,,5,1,6,N/A
2026-09-15,N/A,NYY,MIN,Final,N/A,N/A,N/A,68.9,31.1,4.88,3.62,8.5,-164,150,7.5,N/A,N/A,N/A,N/A,N/A,N/A,N/A,N/A,N/A,10.9,,-22.3,,20.7,,-25.7,,8,1,9,N/A
2026-09-15,N/A,OAK,TBR,Final,N/A,N/A,N/A,29.3,70.7,4.27,5.83,10.1,196,-217,8.0,N/A,N/A,N/A,N/A,N/A,N/A,N/A,N/A,N/A,-13.3,,3.3,,37.3,,-45.6,,1,2,3,N/A
2026-09-15,N/A,PHI,WSN,Final,N/A,N/A,N/A,61.7,38.3,5.11,4.31,9.4,-209,190,8.0,N/A,N/A,N/A,N/A,N/A,N/A,N/A,N/A,N/A,-8.8,,11.1,,27.0,,-33.3,,3,6,9,N/A
2026-09-15,N/A,SDP,COL,Final,N/A,N/A,N/A,65.9,34.1,7.43,6.09,13.5,-189,173,11.0,N/A,N/A,N/A,N/A,N/A,N/A,N/A,N/A,N/A,0.8,,-6.9,,46.8,,-50.6,,3,9,12,N/A
2026-09-15,N/A,SEA,LAA,Final,N/A,N/A,N/A,60.5,39.5,4.58,3.89,8.5,-164,151,8.0,N/A,N/A,N/A,N/A,N/A,N/A,N/A,N/A,N/A,-2.6,,-0.9,,2.6,,-7.6,,1,2,3,N/A
2026-09-15,N/A,SFG,STL,Final,N/A,N/A,N/A,36.1,63.9,3.66,4.57,8.2,155,-170,8.0,N/A,N/A,N/A,N/A,N/A,N/A,N/A,N/A,N/A,-7.9,,1.5,,-0.3,,-4.5,,10,3,13,N/A
2026-09-16,N/A,ATL,CHC,Final,N/A,N/A,N/A,38.3,61.7,4.49,5.33,9.8,145,-158,7.5,N/A,N/A,N/A,N/A,N/A,N/A,N/A,N/A,N/A,-6.2,,0.8,,50.7,,-55.1,,4,8,12,N/A
2026-09-16,N/A,BAL,NYM,Final,N/A,N/A,N/A,47.8,52.2,4.19,4.34,8.5,101,-109,9.0,N/A,N/A,N/A,N/A,N/A,N/A,N/A,N/A,N/A,-3.9,,0.1,,-20.1,,16.1,,7,1,8,N/A
2026-09-16,N/A,BOS,TEX,Final,N/A,N/A,N/A,61.3,38.7,4.45,3.73,8.2,-107,-101,8.0,N/A,N/A,N/A,N/A,N/A,N/A,N/A,N/A,N/A,18.6,,-23.0,,-2.6,,-2.3,,3,7,10,N/A
2026-09-16,N/A,CHW,CLE,Final,N/A,N/A,N/A,42.6,57.4,3.71,4.16,7.9,N/A,N/A,N/A,N/A,N/A,N/A,N/A,N/A,N/A,N/A,N/A,N/A,N/A,,N/A,,N/A,,N/A,,3,6,9,N/A
2026-09-16,N/A,DET,TOR,Final,N/A,N/A,N/A,69.5,30.5,4.91,3.6,8.5,N/A,N/A,N/A,N/A,N/A,N/A,N/A,N/A,N/A,N/A,N/A,N/A,N/A,,N/A,,N/A,,N/A,,1,5,6,N/A
2026-09-16,N/A,KCR,HOU,Final,N/A,N/A,N/A,52.0,48.0,4.52,4.36,8.9,145,-158,9.0,N/A,N/A,N/A,N/A,N/A,N/A,N/A,N/A,N/A,27.4,,-21.6,,-7.2,,1.8,,5,2,7,N/A
2026-09-16,N/A,LAD,CIN,Final,N/A,N/A,N/A,79.9,20.1,5.89,3.66,9.5,N/A,N/A,N/A,N/A,N/A,N/A,N/A,N/A,N/A,N/A,N/A,N/A,N/A,,N/A,,N/A,,N/A,,2,6,8,N/A
2026-09-16,N/A,MIA,ARI,Final,N/A,N/A,N/A,55.2,44.8,4.7,4.37,9.1,119,-129,9.0,N/A,N/A,N/A,N/A,N/A,N/A,N/A,N/A,N/A,20.9,,-20.5,,-2.9,,-1.9,,4,3,7,N/A
2026-09-16,N/A,MIL,PIT,Final,N/A,N/A,N/A,69.1,30.9,4.87,3.63,8.5,N/A,N/A,N/A,N/A,N/A,N/A,N/A,N/A,N/A,N/A,N/A,N/A,N/A,,N/A,,N/A,,N/A,,5,4,9,N/A
2026-09-16,N/A,NYY,MIN,Final,N/A,N/A,N/A,66.5,33.5,5.07,3.95,9.0,N/A,N/A,N/A,N/A,N/A,N/A,N/A,N/A,N/A,N/A,N/A,N/A,N/A,,N/A,,N/A,,N/A,,4,5,9,N/A
2026-09-16,N/A,OAK,TBR,Final,N/A,N/A,N/A,27.9,72.1,3.38,4.84,8.2,,,,N/A,N/A,N/A,N/A,N/A,N/A,N/A,N/A,N/A,,,,,,,,,3,4,7,N/A
2026-09-16,N/A,PHI,WSN,Final,N/A,N/A,N/A,57.5,42.5,4.89,4.37,9.3,N/A,N/A,N/A,N/A,N/A,N/A,N/A,N/A,N/A,N/A,N/A,N/A,N/A,,N/A,,N/A,,N/A,,3,0,3,N/A
2026-09-16,N/A,SDP,COL,Final,N/A,N/A,N/A,54.6,45.4,6.19,5.79,12.0,-164,151,11.0,N/A,N/A,N/A,N/A,N/A,N/A,N/A,N/A,N/A,-12.1,,14.0,,19.0,,-22.5,,9,3,12,N/A
2026-09-16,N/A,SEA,LAA,Final,N/A,N/A,N/A,51.2,48.8,4.23,4.16,8.4,-123,113,8.0,N/A,N/A,N/A,N/A,N/A,N/A,N/A,N/A,N/A,-7.2,,3.9,,5.0,,-9.7,,7,2,9,N/A
2026-09-16,N/A,SFG,STL,Final,N/A,N/A,N/A,50.8,49.2,4.57,4.52,9.1,N/A,N/A,N/A,N/A,N/A,N/A,N/A,N/A,N/A,N/A,N/A,N/A,N/A,,N/A,,N/A,,N/A,,6,5,11,N/A
2026-09-17,N/A,BOS,TEX,Final,N/A,N/A,N/A,65.9,34.1,4.23,3.29,7.5,-118,109,8.0,N/A,N/A,N/A,N/A,N/A,N/A,N/A,N/A,N/A,21.7,,-28.7,,-18.6,,13.1,,4,3,7,N/A
2026-09-17,N/A,DET,CHW,Final,N/A,N/A,N/A,49.6,50.4,4.54,4.56,9.1,102,-111,8.5,N/A,N/A,N/A,N/A,N/A,N/A,N/A,N/A,N/A,0.2,,-4.2,,12.4,,-17.1,,1,3,4,N/A
2026-09-17,N/A,KCR,HOU,Final,N/A,N/A,N/A,38.6,61.4,4.21,4.95,9.2,130,-141,9.0,N/A,N/A,N/A,N/A,N/A,N/A,N/A,N/A,N/A,-11.2,,4.9,,1.3,,-5.9,,2,6,8,N/A
2026-09-17,N/A,LAD,CIN,Final,N/A,N/A,N/A,80.2,19.8,6.34,3.92,10.3,N/A,N/A,N/A,N/A,N/A,N/A,N/A,N/A,N/A,N/A,N/A,N/A,N/A,,N/A,,N/A,,N/A,,8,2,10,N/A
2026-09-17,N/A,MIL,PIT,Final,N/A,N/A,N/A,59.7,40.3,5.28,4.58,9.9,N/A,N/A,N/A,N/A,N/A,N/A,N/A,N/A,N/A,N/A,N/A,N/A,N/A,,N/A,,N/A,,N/A,,4,7,11,N/A
2026-09-17,N/A,MIN,LAA,Final,N/A,N/A,N/A,52.5,47.5,4.19,4.06,8.2,-103,-105,7.5,N/A,N/A,N/A,N/A,N/A,N/A,N/A,N/A,N/A,3.5,,-7.3,,13.2,,-18.5,,4,5,9,N/A
2026-09-17,N/A,OAK,TBR,Final,N/A,N/A,N/A,17.2,82.8,3.32,5.78,9.1,N/A,N/A,N/A,N/A,N/A,N/A,N/A,N/A,N/A,N/A,N/A,N/A,N/A,,N/A,,N/A,,N/A,,1,10,11,N/A
2026-09-17,N/A,PHI,NYM,Final,N/A,N/A,N/A,49.0,51.0,4.07,4.12,8.2,112,-121,8.0,N/A,N/A,N/A,N/A,N/A,N/A,N/A,N/A,N/A,3.9,,-6.9,,-5.0,,0.2,,3,0,3,N/A
2026-09-17,N/A,SDP,COL,Final,N/A,N/A,N/A,74.2,25.8,7.24,5.19,12.4,N/A,N/A,N/A,N/A,N/A,N/A,N/A,N/A,N/A,N/A,N/A,N/A,N/A,,N/A,,N/A,,N/A,,9,2,11,N/A
2026-09-18,N/A,ATL,HOU,Final,N/A,N/A,N/A,56.3,43.7,4.38,3.98,8.4,-114,105,8.0,N/A,N/A,N/A,N/A,N/A,N/A,N/A,N/A,N/A,5.7,,-10.4,,2.3,,-7.2,,6,2,8,N/A
2026-09-18,N/A,BOS,TBR,Final,N/A,N/A,N/A,55.9,44.1,4.17,3.79,8.0,120,-131,7.0,N/A,N/A,N/A,N/A,N/A,N/A,N/A,N/A,N/A,23.0,,-22.2,,19.1,,-23.8,,4,2,6,N/A
2026-09-18,N/A,CHC,CIN,Final,N/A,N/A,N/A,71.1,28.9,5.34,3.88,9.2,-132,119,9.5,N/A,N/A,N/A,N/A,N/A,N/A,N/A,N/A,N/A,25.0,,-36.7,,-16.3,,10.4,,4,6,10,N/A
2026-09-18,N/A,DET,CHW,Final,N/A,N/A,N/A,53.4,46.6,4.92,4.68,9.6,114,-124,8.0,N/A,N/A,N/A,N/A,N/A,N/A,N/A,N/A,N/A,14.3,,-15.8,,30.8,,-37.0,,11,8,19,N/A
2026-09-18,N/A,KCR,PIT,Final,N/A,N/A,N/A,47.3,52.7,4.03,4.22,8.3,105,-115,8.0,N/A,N/A,N/A,N/A,N/A,N/A,N/A,N/A,N/A,-3.0,,-1.5,,-3.1,,-2.8,,5,8,13,N/A
2026-09-18,N/A,MIA,SDP,Final,N/A,N/A,N/A,52.5,47.5,4.04,3.91,8.0,184,-202,7.5,N/A,N/A,N/A,N/A,N/A,N/A,N/A,N/A,N/A,49.1,,-29.0,,6.0,,-11.6,,2,8,10,N/A
2026-09-18,N/A,MIL,BAL,Final,N/A,N/A,N/A,62.1,37.9,4.97,4.18,9.2,-144,132,8.0,N/A,N/A,N/A,N/A,N/A,N/A,N/A,N/A,N/A,5.2,,-12.1,,18.0,,-24.8,,6,5,11,N/A
2026-09-18,N/A,MIN,LAA,Final,N/A,N/A,N/A,57.9,42.1,5.43,4.83,10.3,-106,-102,8.0,N/A,N/A,N/A,N/A,N/A,N/A,N/A,N/A,N/A,12.5,,-16.6,,43.9,,-49.7,,3,0,3,N/A
2026-09-18,N/A,NYY,ARI,Final,N/A,N/A,N/A,50.9,49.1,3.86,3.8,7.7,-102,-106,7.5,N/A,N/A,N/A,N/A,N/A,N/A,N/A,N/A,N/A,0.8,,-4.6,,-5.3,,-0.6,,9,2,11,N/A
2026-09-18,N/A,OAK,CLE,Final,N/A,N/A,N/A,34.6,65.4,4.0,5.03,9.0,201,-222,8.0,N/A,N/A,N/A,N/A,N/A,N/A,N/A,N/A,N/A,4.1,,-5.1,,17.5,,-23.4,,3,5,8,N/A
2026-09-18,N/A,PHI,NYM,Final,N/A,N/A,N/A,55.7,44.3,3.98,3.68,7.7,111,-121,8.5,N/A,N/A,N/A,N/A,N/A,N/A,N/A,N/A,N/A,17.5,,-19.1,,-31.5,,27.0,,3,6,9,N/A
2026-09-18,N/A,SEA,COL,Final,N/A,N/A,N/A,59.9,40.1,6.76,5.99,12.8,-179,164,10.5,N/A,N/A,N/A,N/A,N/A,N/A,N/A,N/A,N/A,-6.6,,5.9,,40.8,,-47.3,,5,4,9,N/A
2026-09-18,N/A,SFG,LAD,Final,N/A,N/A,N/A,31.0,69.0,3.77,5.06,8.8,261,-294,8.0,N/A,N/A,N/A,N/A,N/A,N/A,N/A,N/A,N/A,11.9,,-7.5,,13.5,,-18.9,,2,8,10,N/A
2026-09-18,N/A,TOR,TEX,Final,N/A,N/A,N/A,62.1,37.9,4.14,3.4,7.5,-132,121,7.5,N/A,N/A,N/A,N/A,N/A,N/A,N/A,N/A,N/A,9.1,,-16.2,,-2.2,,-3.5,,1,7,8,N/A
2026-09-18,N/A,WSN,STL,Final,N/A,N/A,N/A,52.2,47.8,4.39,4.23,8.6,-107,-101,7.5,N/A,N/A,N/A,N/A,N/A,N/A,N/A,N/A,N/A,1.0,,-4.9,,23.5,,-29.4,,9,1,10,N/A
2026-09-19,N/A,ATL,HOU,Final,N/A,N/A,N/A,63.5,36.5,4.66,3.77,8.4,,,,N/A,N/A,N/A,N/A,N/A,N/A,N/A,N/A,N/A,,,,,,,,,6,3,9,N/A
2026-09-19,N/A,BOS,TBR,Final,N/A,N/A,N/A,49.4,50.6,4.27,4.3,8.6,N/A,N/A,N/A,N/A,N/A,N/A,N/A,N/A,N/A,N/A,N/A,N/A,N/A,,N/A,,N/A,,N/A,,1,2,3,N/A
2026-09-19,N/A,CHC,CIN,Final,N/A,N/A,N/A,75.2,24.8,6.34,4.34,10.7,N/A,N/A,N/A,N/A,N/A,N/A,N/A,N/A,N/A,N/A,N/A,N/A,N/A,,N/A,,N/A,,N/A,,5,2,7,N/A
2026-09-19,N/A,DET,CHW,Final,N/A,N/A,N/A,43.6,56.4,4.08,4.52,8.6,,,,N/A,N/A,N/A,N/A,N/A,N/A,N/A,N/A,N/A,,,,,,,,,1,3,4,N/A
2026-09-19,N/A,KCR,PIT,Final,N/A,N/A,N/A,43.9,56.1,4.25,4.69,8.9,N/A,N/A,N/A,N/A,N/A,N/A,N/A,N/A,N/A,N/A,N/A,N/A,N/A,,N/A,,N/A,,N/A,,5,6,11,N/A
2026-09-19,N/A,MIA,SDP,Final,N/A,N/A,N/A,46.1,53.9,3.98,4.23,8.2,136,-147,7.5,N/A,N/A,N/A,N/A,N/A,N/A,N/A,N/A,N/A,8.8,,-9.4,,13.7,,-18.9,,6,7,13,N/A
2026-09-19,N/A,MIL,BAL,Final,N/A,N/A,N/A,65.3,34.7,4.97,3.99,9.0,,,,N/A,N/A,N/A,N/A,N/A,N/A,N/A,N/A,N/A,,,,,,,,,1,0,1,N/A
2026-09-19,N/A,MIN,LAA,Final,N/A,N/A,N/A,48.2,51.8,4.27,4.37,8.6,110,-119,7.5,N/A,N/A,N/A,N/A,N/A,N/A,N/A,N/A,N/A,1.2,,-4.7,,29.7,,-32.1,,5,6,11,N/A
2026-09-19,N/A,NYY,ARI,Final,N/A,N/A,N/A,70.7,29.3,4.42,3.13,7.5,-152,140,7.5,N/A,N/A,N/A,N/A,N/A,N/A,N/A,N/A,N/A,17.2,,-29.7,,-0.7,,-5.1,,3,5,8,N/A
2026-09-19,N/A,OAK,CLE,Final,N/A,N/A,N/A,37.2,62.8,4.09,4.96,9.1,,,,N/A,N/A,N/A,N/A,N/A,N/A,N/A,N/A,N/A,,,,,,,,,6,12,18,N/A
2026-09-19,N/A,PHI,NYM,Final,N/A,N/A,N/A,44.1,55.9,4.06,4.43,8.5,,,,N/A,N/A,N/A,N/A,N/A,N/A,N/A,N/A,N/A,,,,,,,,,3,10,13,N/A
2026-09-19,N/A,SEA,COL,Final,N/A,N/A,N/A,52.8,47.2,6.44,6.19,12.6,-140,129,11.0,N/A,N/A,N/A,N/A,N/A,N/A,N/A,N/A,N/A,-9.5,,8.1,,35.2,,-37.2,,3,5,8,N/A
2026-09-19,N/A,SFG,LAD,Final,N/A,N/A,N/A,27.5,72.5,3.42,4.93,8.3,338,-391,7.5,N/A,N/A,N/A,N/A,N/A,N/A,N/A,N/A,N/A,20.5,,-9.0,,22.8,,-25.9,,4,10,14,N/A
2026-09-19,N/A,TOR,TEX,Final,N/A,N/A,N/A,45.6,54.4,3.62,3.87,7.5,N/A,N/A,N/A,N/A,N/A,N/A,N/A,N/A,N/A,N/A,N/A,N/A,N/A,,N/A,,N/A,,N/A,,2,6,8,N/A
2026-09-19,N/A,WSN,STL,Final,N/A,N/A,N/A,59.6,40.4,4.76,4.1,8.9,,,,N/A,N/A,N/A,N/A,N/A,N/A,N/A,N/A,N/A,,,,,,,,,8,5,13,N/A
2026-09-20,N/A,ATL,HOU,Final,N/A,N/A,N/A,60.8,39.2,4.31,3.66,8.0,N/A,N/A,N/A,N/A,N/A,N/A,N/A,N/A,N/A,N/A,N/A,N/A,N/A,,N/A,,N/A,,N/A,,4,2,6,N/A
2026-09-20,N/A,BOS,TBR,Final,N/A,N/A,N/A,43.6,56.4,4.08,4.52,8.6,N/A,N/A,N/A,N/A,N/A,N/A,N/A,N/A,N/A,N/A,N/A,N/A,N/A,,N/A,,N/A,,N/A,,1,5,6,N/A
2026-09-20,N/A,CHC,CIN,Final,N/A,N/A,N/A,75.9,24.1,6.98,4.81,11.8,N/A,N/A,N/A,N/A,N/A,N/A,N/A,N/A,N/A,N/A,N/A,N/A,N/A,,N/A,,N/A,,N/A,,9,1,10,N/A
2026-09-20,N/A,DET,CHW,Final,N/A,N/A,N/A,56.3,43.7,4.33,3.96,8.3,N/A,N/A,N/A,N/A,N/A,N/A,N/A,N/A,N/A,N/A,N/A,N/A,N/A,,N/A,,N/A,,N/A,,1,8,9,N/A
2026-09-20,N/A,KCR,PIT,Final,N/A,N/A,N/A,42.9,57.1,3.91,4.36,8.3,N/A,N/A,N/A,N/A,N/A,N/A,N/A,N/A,N/A,N/A,N/A,N/A,N/A,,N/A,,N/A,,N/A,,3,4,7,N/A
2026-09-20,N/A,MIA,SDP,Final,N/A,N/A,N/A,51.9,48.1,4.17,4.05,8.2,N/A,N/A,N/A,N/A,N/A,N/A,N/A,N/A,N/A,N/A,N/A,N/A,N/A,,N/A,,N/A,,N/A,,3,7,10,N/A
2026-09-20,N/A,MIL,BAL,Final,N/A,N/A,N/A,75.7,24.3,4.85,3.18,8.0,-202,183,7.5,N/A,N/A,N/A,N/A,N/A,N/A,N/A,N/A,N/A,13.2,,-31.2,,7.7,,-13.3,,3,0,3,N/A
2026-09-20,N/A,MIN,LAA,Final,N/A,N/A,N/A,58.1,41.9,5.07,4.52,9.6,N/A,N/A,N/A,N/A,N/A,N/A,N/A,N/A,N/A,N/A,N/A,N/A,N/A,,N/A,,N/A,,N/A,,8,0,8,N/A
2026-09-20,N/A,NYY,ARI,Final,N/A,N/A,N/A,57.8,42.2,4.78,4.28,9.1,N/A,N/A,N/A,N/A,N/A,N/A,N/A,N/A,N/A,N/A,N/A,N/A,N/A,,N/A,,N/A,,N/A,,4,8,12,N/A
2026-09-20,N/A,OAK,CLE,Final,N/A,N/A,N/A,29.5,70.5,3.81,5.24,9.0,N/A,N/A,N/A,N/A,N/A,N/A,N/A,N/A,N/A,N/A,N/A,N/A,N/A,,N/A,,N/A,,N/A,,0,1,1,N/A
2026-09-20,N/A,PHI,NYM,Final,N/A,N/A,N/A,64.4,35.6,4.38,3.5,7.9,N/A,N/A,N/A,N/A,N/A,N/A,N/A,N/A,N/A,N/A,N/A,N/A,N/A,,N/A,,N/A,,N/A,,7,2,9,N/A
2026-09-20,N/A,SEA,COL,Final,N/A,N/A,N/A,56.2,43.8,6.52,6.03,12.6,N/A,N/A,N/A,N/A,N/A,N/A,N/A,N/A,N/A,N/A,N/A,N/A,N/A,,N/A,,N/A,,N/A,,2,1,3,N/A
2026-09-20,N/A,SFG,LAD,Final,N/A,N/A,N/A,28.4,71.6,3.67,5.2,8.9,N/A,N/A,N/A,N/A,N/A,N/A,N/A,N/A,N/A,N/A,N/A,N/A,N/A,,N/A,,N/A,,N/A,,1,3,4,N/A
2026-09-20,N/A,TOR,TEX,Final,N/A,N/A,N/A,53.2,46.8,3.78,3.57,7.4,N/A,N/A,N/A,N/A,N/A,N/A,N/A,N/A,N/A,N/A,N/A,N/A,N/A,,N/A,,N/A,,N/A,,7,2,9,N/A
2026-09-20,N/A,WSN,STL,Final,N/A,N/A,N/A,46.8,53.2,4.73,4.96,9.7,N/A,N/A,N/A,N/A,N/A,N/A,N/A,N/A,N/A,N/A,N/A,N/A,N/A,,N/A,,N/A,,N/A,,3,5,8,N/A
2026-09-21,N/A,MIN,SFG,Final,N/A,N/A,N/A,51.9,48.1,4.55,4.42,9.0,-118,109,8.0,N/A,N/A,N/A,N/A,N/A,N/A,N/A,N/A,N/A,-4.1,,0.5,,17.3,,-22.6,,2,5,7,N/A
2026-09-21,N/A,TOR,BAL,Final,N/A,N/A,N/A,50.3,49.7,3.97,3.93,7.9,105,-116,7.5,N/A,N/A,N/A,N/A,N/A,N/A,N/A,N/A,N/A,3.1,,-7.5,,-1.6,,-5.3,,3,4,7,N/A
2026-09-21,N/A,WSN,DET,Final,N/A,N/A,N/A,49.1,50.9,4.61,4.66,9.3,139,-155,8.0,N/A,N/A,N/A,N/A,N/A,N/A,N/A,N/A,N/A,17.3,,-16.3,,21.6,,-29.4,,2,9,11,N/A
2026-09-22,N/A,ARI,COL,Final,N/A,N/A,N/A,73.0,27.0,7.66,5.61,13.3,-178,163,11.0,N/A,N/A,N/A,N/A,N/A,N/A,N/A,N/A,N/A,14.0,,-29.0,,45.1,,-47.1,,7,2,9,N/A
2026-09-22,N/A,CHW,KCR,Final,N/A,N/A,N/A,54.0,46.0,4.71,4.46,9.2,-111,103,8.0,N/A,N/A,N/A,N/A,N/A,N/A,N/A,N/A,N/A,2.6,,-6.6,,25.8,,-29.1,,14,11,25,N/A
2026-09-22,N/A,CIN,ATL,Final,N/A,N/A,N/A,33.5,66.5,4.22,5.38,9.6,208,-231,9.5,N/A,N/A,N/A,N/A,N/A,N/A,N/A,N/A,N/A,3.2,,-4.7,,-2.6,,-3.3,,4,0,4,N/A
2026-09-22,N/A,CLE,BOS,Final,N/A,N/A,N/A,49.5,50.5,3.75,3.78,7.5,108,-116,6.0,N/A,N/A,N/A,N/A,N/A,N/A,N/A,N/A,N/A,3.0,,-6.0,,31.6,,-39.1,,3,2,5,N/A
2026-09-22,N/A,HOU,SEA,Final,N/A,N/A,N/A,45.3,54.7,3.78,4.07,7.8,118,-128,7.0,N/A,N/A,N/A,N/A,N/A,N/A,N/A,N/A,N/A,-1.2,,-2.6,,11.1,,-17.5,,7,0,7,N/A
2026-09-22,N/A,LAA,OAK,Final,N/A,N/A,N/A,49.3,50.7,4.25,4.28,8.5,-105,-103,9.5,N/A,N/A,N/A,N/A,N/A,N/A,N/A,N/A,N/A,-3.7,,-0.1,,-31.2,,24.8,,7,9,16,N/A
2026-09-22,N/A,MIA,CHC,Final,N/A,N/A,N/A,30.4,69.6,4.24,5.7,9.9,178,-196,6.5,N/A,N/A,N/A,N/A,N/A,N/A,N/A,N/A,N/A,-15.5,,5.1,,63.4,,-72.7,,8,2,10,N/A
2026-09-22,N/A,MIL,PHI,Final,N/A,N/A,N/A,50.4,49.6,4.47,4.42,8.9,125,-135,7.0,N/A,N/A,N/A,N/A,N/A,N/A,N/A,N/A,N/A,13.4,,-13.7,,34.7,,-43.8,,4,6,10,N/A
2026-09-22,N/A,MIN,SFG,Final,N/A,N/A,N/A,59.3,40.7,4.51,3.93,8.4,-128,118,7.5,N/A,N/A,N/A,N/A,N/A,N/A,N/A,N/A,N/A,5.6,,-11.3,,21.8,,-25.5,,3,2,5,N/A
2026-09-22,N/A,NYM,TEX,Final,N/A,N/A,N/A,49.0,51.0,4.41,4.49,8.9,111,-120,8.0,N/A,N/A,N/A,N/A,N/A,N/A,N/A,N/A,N/A,3.4,,-6.5,,15.8,,-21.0,,6,3,9,N/A
2026-09-22,N/A,SDP,LAD,Final,N/A,N/A,N/A,48.5,51.5,4.17,4.26,8.4,117,-126,8.5,N/A,N/A,N/A,N/A,N/A,N/A,N/A,N/A,N/A,5.2,,-7.6,,-7.4,,1.7,,0,7,7,N/A
2026-09-22,N/A,STL,PIT,Final,N/A,N/A,N/A,48.0,52.0,4.38,4.48,8.9,148,-161,7.0,N/A,N/A,N/A,N/A,N/A,N/A,N/A,N/A,N/A,19.0,,-15.7,,34.5,,-42.6,,0,2,2,N/A
2026-09-22,N/A,TBR,NYY,Final,N/A,N/A,N/A,47.9,52.1,3.49,3.61,7.1,113,-122,6.0,N/A,N/A,N/A,N/A,N/A,N/A,N/A,N/A,N/A,2.0,,-5.2,,23.0,,-28.7,,6,1,7,N/A
2026-09-22,N/A,TOR,BAL,Postponed,N/A,N/A,N/A,39.7,60.3,4.02,4.72,8.7,N/A,N/A,N/A,N/A,N/A,N/A,N/A,N/A,N/A,N/A,N/A,N/A,N/A,,N/A,,N/A,,N/A,,N/A,N/A,N/A,N/A
2026-09-22,N/A,WSN,DET,Final,N/A,N/A,N/A,44.6,55.4,4.57,4.92,9.5,133,-145,8.0,N/A,N/A,N/A,N/A,N/A,N/A,N/A,N/A,N/A,3.9,,-6.4,,27.0,,-33.7,,3,1,4,N/A
2026-09-23,N/A,ARI,COL,Final,N/A,N/A,N/A,52.53,47.47,6.77,6.57,13.34,-152,140,11.0,N/A,N/A,N/A,N/A,N/A,N/A,N/A,N/A,N/A,-12.91,0.0,13.93,2.49,37.79,9.83,-42.09,0.0,5,3,8,N/A
2026-09-23,N/A,CHW,KCR,Final,N/A,N/A,N/A,67.17,32.83,5.69,4.15,9.84,-114,105,8.5,N/A,N/A,N/A,N/A,N/A,N/A,N/A,N/A,N/A,26.09,7.44,-32.7,0.0,21.91,5.92,-28.01,0.0,4,5,9,N/A
2026-09-23,N/A,CIN,ATL,Final,N/A,N/A,N/A,26.46,73.54,3.27,5.28,8.55,233,-260,7.5,N/A,N/A,N/A,N/A,N/A,N/A,N/A,N/A,N/A,-11.89,0.0,1.82,1.19,21.79,5.14,-24.77,0.0,2,3,5,N/A
2026-09-23,N/A,CLE,BOS,Final,N/A,N/A,N/A,39.55,60.45,3.69,4.52,8.21,119,-129,6.5,N/A,N/A,N/A,N/A,N/A,N/A,N/A,N/A,N/A,-13.39,0.0,7.31,2.36,30.74,8.84,-38.96,0.0,0,1,1,N/A
2026-09-23,N/A,HOU,SEA,Final,N/A,N/A,N/A,55.11,44.89,4.26,3.85,8.11,109,-118,8.0,N/A,N/A,N/A,N/A,N/A,N/A,N/A,N/A,N/A,15.18,3.48,-17.07,0.0,-3.15,0.0,-1.78,0.0,5,6,11,N/A
2026-09-23,N/A,LAA,OAK,Final,N/A,N/A,N/A,65.47,34.53,5.05,3.74,8.79,-127,117,9.5,N/A,N/A,N/A,N/A,N/A,N/A,N/A,N/A,N/A,17.02,5.4,-25.07,0.0,-25.83,0.0,19.77,5.34,3,7,10,N/A
2026-09-23,N/A,MIA,CHC,Final,N/A,N/A,N/A,41.89,58.11,4.8,5.62,10.42,156,-170,6.5,N/A,N/A,N/A,N/A,N/A,N/A,N/A,N/A,N/A,7.24,1.16,-7.71,0.0,62.3,18.22,-74.52,0.0,3,2,5,N/A
2026-09-23,N/A,MIL,PHI,Final,N/A,N/A,N/A,68.24,31.76,5.37,3.77,9.13,-122,112,7.0,N/A,N/A,N/A,N/A,N/A,N/A,N/A,N/A,N/A,24.17,7.37,-32.67,0.0,39.35,10.62,-45.03,0.0,4,1,5,N/A
2026-09-23,N/A,MIN,SFG,Final,N/A,N/A,N/A,48.25,51.75,4.42,4.6,9.02,N/A,N/A,N/A,N/A,N/A,N/A,N/A,N/A,N/A,N/A,N/A,N/A,N/A,N/A,N/A,N/A,N/A,N/A,N/A,N/A,4,2,6,N/A
2026-09-23,N/A,NYM,TEX,Final,N/A,N/A,N/A,54.03,45.97,4.39,4.08,8.47,-104,-104,8.0,N/A,N/A,N/A,N/A,N/A,N/A,N/A,N/A,N/A,5.98,1.56,-9.83,0.0,3.73,0.95,-8.91,0.0,7,2,9,N/A
2026-09-23,N/A,SDP,LAD,Final,N/A,N/A,N/A,32.14,67.86,3.41,4.85,8.25,194,-214,8.0,N/A,N/A,N/A,N/A,N/A,N/A,N/A,N/A,N/A,-5.51,0.0,-0.43,0.0,-5.14,0.0,0.4,0.1,5,1,6,N/A
2026-09-23,N/A,STL,PIT,Final,N/A,N/A,N/A,37.27,62.73,4.26,5.38,9.64,123,-134,7.0,N/A,N/A,N/A,N/A,N/A,N/A,N/A,N/A,N/A,-16.89,0.0,9.54,3.2,40.7,12.41,-52.11,0.0,5,1,6,N/A
2026-09-23,N/A,TBR,NYY,Final,N/A,N/A,N/A,43.13,56.87,3.96,4.48,8.44,120,-130,6.5,N/A,N/A,N/A,N/A,N/A,N/A,N/A,N/A,N/A,-5.11,0.0,0.62,0.2,39.15,10.57,-45.57,0.0,2,9,11,N/A
2026-09-23,N/A,TOR,BAL,Final,N/A,N/A,N/A,45.46,54.54,4.05,4.35,8.4,106,-115,7.5,N/A,N/A,N/A,N/A,N/A,N/A,N/A,N/A,N/A,-6.35,0.0,1.97,0.57,8.23,2.26,-14.23,0.0,2,4,6,N/A
2026-09-23,N/A,WSN,DET,Final,N/A,N/A,N/A,52.25,47.75,4.9,4.71,9.61,N/A,N/A,N/A,N/A,N/A,N/A,N/A,N/A,N/A,N/A,N/A,N/A,N/A,N/A,N/A,N/A,N/A,N/A,N/A,N/A,4,2,6,N/A
2026-09-24,N/A,ARI,COL,Final,N/A,N/A,N/A,69.7,30.3,7.44,5.37,12.81,-186,170,10.0,N/A,N/A,N/A,N/A,N/A,N/A,N/A,N/A,N/A,7.17,3.34,-18.19,0.0,45.69,12.11,-50.92,0.0,12,8,20,N/A
2026-09-24,N/A,CHW,KCR,Final,N/A,N/A,N/A,46.24,53.76,4.7,4.99,9.69,-134,124,8.5,N/A,N/A,N/A,N/A,N/A,N/A,N/A,N/A,N/A,-19.25,0.0,20.42,4.12,15.54,4.51,-22.96,0.0,9,1,10,N/A
2026-09-24,N/A,CIN,ATL,Final,N/A,N/A,N/A,28.94,71.06,3.8,5.73,9.53,201,-222,8.0,N/A,N/A,N/A,N/A,N/A,N/A,N/A,N/A,N/A,-12.89,0.0,3.07,1.7,28.9,7.3,-32.73,0.0,7,6,13,N/A
2026-09-24,N/A,CLE,BOS,Final,N/A,N/A,N/A,40.36,59.64,3.92,4.66,8.58,114,-124,6.5,N/A,N/A,N/A,N/A,N/A,N/A,N/A,N/A,N/A,-13.63,0.0,7.74,2.4,36.71,10.65,-46.04,0.0,1,0,1,N/A
2026-09-24,N/A,HOU,OAK,Final,N/A,N/A,N/A,64.45,35.55,5.32,4.08,9.4,-163,149,10.5,N/A,N/A,N/A,N/A,N/A,N/A,N/A,N/A,N/A,3.99,1.63,-11.48,0.0,-33.03,0.0,29.58,7.32,7,5,12,N/A
2026-09-24,N/A,LAA,SEA,Final,N/A,N/A,N/A,40.3,59.7,3.77,4.53,8.31,193,-213,7.0,N/A,N/A,N/A,N/A,N/A,N/A,N/A,N/A,N/A,18.08,2.34,-12.27,0.0,25.13,6.41,-28.9,0.0,6,4,10,N/A
2026-09-24,N/A,MIA,CHC,Final,N/A,N/A,N/A,43.46,56.54,4.55,5.16,9.71,184,-203,7.0,N/A,N/A,N/A,N/A,N/A,N/A,N/A,N/A,N/A,23.43,3.18,-15.61,0.0,50.69,13.43,-55.65,0.0,1,2,3,N/A
2026-09-24,N/A,MIL,PHI,Final,N/A,N/A,N/A,64.24,35.76,5.78,4.46,10.24,121,-131,8.0,N/A,N/A,N/A,N/A,N/A,N/A,N/A,N/A,N/A,41.97,8.67,-36.94,0.0,44.72,10.96,-46.49,0.0,5,1,6,N/A
2026-09-24,N/A,NYM,TEX,Final,N/A,N/A,N/A,55.79,44.21,4.5,4.02,8.51,117,-127,8.5,N/A,N/A,N/A,N/A,N/A,N/A,N/A,N/A,N/A,21.06,4.5,-20.98,0.0,-3.46,0.0,-2.39,0.0,1,3,4,N/A
2026-09-24,N/A,SDP,LAD,Final,N/A,N/A,N/A,41.16,58.84,4.02,4.79,8.81,153,-167,8.0,N/A,N/A,N/A,N/A,N/A,N/A,N/A,N/A,N/A,4.13,0.68,-5.93,0.0,16.48,4.0,-20.07,0.0,4,2,6,N/A
2026-09-24,N/A,STL,PIT,Final,N/A,N/A,N/A,49.99,50.01,4.43,4.44,8.87,N/A,N/A,N/A,N/A,N/A,N/A,N/A,N/A,N/A,N/A,N/A,N/A,N/A,N/A,N/A,N/A,N/A,N/A,N/A,N/A,1,2,3,N/A
2026-09-24,N/A,TBR,NYY,Final,N/A,N/A,N/A,34.45,65.55,3.35,4.61,7.96,135,-146,6.0,N/A,N/A,N/A,N/A,N/A,N/A,N/A,N/A,N/A,-19.04,0.0,10.45,3.81,39.76,10.54,-44.85,0.0,4,6,10,N/A
2026-09-25,N/A,ARI,SDP,Final,N/A,N/A,N/A,52.26,47.74,4.32,4.13,8.45,116,-126,7.5,N/A,N/A,N/A,N/A,N/A,N/A,N/A,N/A,N/A,12.88,2.78,-14.37,0.0,7.24,2.08,-13.87,0.0,11,4,15,N/A
2026-09-25,N/A,ATL,MIA,Final,N/A,N/A,N/A,55.45,44.55,4.61,4.16,8.77,-110,101,8.0,N/A,N/A,N/A,N/A,N/A,N/A,N/A,N/A,N/A,5.86,1.61,-10.45,0.0,12.57,3.14,-16.73,0.0,0,3,3,N/A
2026-09-25,N/A,BAL,NYY,Final,N/A,N/A,N/A,44.97,55.03,4.18,4.58,8.76,102,-111,6.5,N/A,N/A,N/A,N/A,N/A,N/A,N/A,N/A,N/A,-9.16,0.0,4.61,1.28,39.08,11.53,-49.32,0.0,3,6,9,N/A
2026-09-25,N/A,CHC,BOS,Final,N/A,N/A,N/A,57.28,42.72,5.72,5.1,10.82,-110,102,6.5,N/A,N/A,N/A,N/A,N/A,N/A,N/A,N/A,N/A,9.35,2.57,-13.71,0.0,75.01,19.5,-79.24,0.0,0,2,2,N/A
2026-09-25,N/A,CIN,TOR,Final,N/A,N/A,N/A,45.41,54.59,4.15,4.5,8.65,121,-131,7.5,N/A,N/A,N/A,N/A,N/A,N/A,N/A,N/A,N/A,0.36,0.07,-3.74,0.0,11.03,3.17,-17.97,0.0,5,6,11,N/A
2026-09-25,N/A,CLE,KCR,Final,N/A,N/A,N/A,52.96,47.04,4.36,4.09,8.45,-135,124,7.0,N/A,N/A,N/A,N/A,N/A,N/A,N/A,N/A,N/A,-7.81,0.0,5.37,1.08,21.29,6.17,-28.33,0.0,12,9,21,N/A
2026-09-25,N/A,COL,CHW,Final,N/A,N/A,N/A,32.31,67.69,4.37,6.02,10.39,207,-230,8.0,N/A,N/A,N/A,N/A,N/A,N/A,N/A,N/A,N/A,-0.81,0.0,-2.88,0.0,39.98,11.09,-47.06,0.0,1,6,7,N/A
2026-09-25,N/A,HOU,OAK,Final,N/A,N/A,N/A,64.46,35.54,5.28,4.0,9.28,-172,158,9.0,N/A,N/A,N/A,N/A,N/A,N/A,N/A,N/A,N/A,1.94,0.83,-8.31,0.0,-0.84,0.0,-3.97,0.0,5,6,11,N/A
2026-09-25,N/A,LAA,SEA,Final,N/A,N/A,N/A,52.98,47.02,3.83,3.61,7.43,106,-115,6.5,N/A,N/A,N/A,N/A,N/A,N/A,N/A,N/A,N/A,9.14,2.16,-12.09,0.0,11.84,3.4,-18.84,0.0,7,5,12,N/A
2026-09-25,N/A,LAD,SFG,Final,N/A,N/A,N/A,69.66,30.34,5.02,3.35,8.37,-305,270,7.5,N/A,N/A,N/A,N/A,N/A,N/A,N/A,N/A,N/A,-7.5,0.0,12.26,1.14,14.43,3.5,-18.76,0.0,2,0,2,N/A
2026-09-25,N/A,NYM,WSN,Final,N/A,N/A,N/A,37.71,62.29,4.13,5.16,9.29,-105,-103,8.0,N/A,N/A,N/A,N/A,N/A,N/A,N/A,N/A,N/A,-26.38,0.0,22.77,5.86,19.23,5.19,-24.74,0.0,6,7,13,N/A
2026-09-25,N/A,PIT,DET,Final,N/A,N/A,N/A,47.51,52.49,4.44,4.67,9.11,-104,-104,8.0,N/A,N/A,N/A,N/A,N/A,N/A,N/A,N/A,N/A,-6.81,0.0,2.96,0.77,20.31,5.08,-24.05,0.0,7,8,15,N/A
2026-09-25,N/A,STL,MIL,Final,N/A,N/A,N/A,40.0,60.0,4.21,5.09,9.3,161,-177,8.0,N/A,N/A,N/A,N/A,N/A,N/A,N/A,N/A,N/A,4.4,0.68,-6.1,0.0,25.31,6.26,-28.5,0.0,4,8,12,N/A
2026-09-25,N/A,TBR,PHI,Final,N/A,N/A,N/A,43.16,56.84,4.08,4.69,8.76,153,-167,6.5,N/A,N/A,N/A,N/A,N/A,N/A,N/A,N/A,N/A,9.19,1.5,-9.12,0.0,40.74,11.71,-50.07,0.0,2,0,2,N/A
2026-09-25,N/A,TEX,MIN,Final,N/A,N/A,N/A,51.81,48.19,4.54,4.4,8.94,-112,104,7.0,N/A,N/A,N/A,N/A,N/A,N/A,N/A,N/A,N/A,-1.93,0.0,-1.69,0.0,29.16,8.67,-37.74,0.0,2,10,12,N/A
2026-09-26,N/A,ARI,SDP,Final,N/A,N/A,N/A,52.24,47.76,4.43,4.26,8.69,112,-121,7.5,N/A,N/A,N/A,N/A,N/A,N/A,N/A,N/A,N/A,10.75,2.4,-12.77,0.0,14.32,3.94,-20.93,0.0,7,10,17,N/A
2026-09-26,N/A,ATL,MIA,Final,N/A,N/A,N/A,54.6,45.4,4.51,4.12,8.64,-110,102,8.5,N/A,N/A,N/A,N/A,N/A,N/A,N/A,N/A,N/A,4.24,1.17,-8.29,0.0,-3.76,0.0,-1.9,0.0,8,3,11,N/A
2026-09-26,N/A,CIN,TOR,Final,N/A,N/A,N/A,37.57,62.43,3.93,5.0,8.93,141,-154,8.5,N/A,N/A,N/A,N/A,N/A,N/A,N/A,N/A,N/A,-9.46,0.0,2.97,1.14,7.59,1.84,-12.13,0.0,5,1,6,N/A
2026-09-26,N/A,CLE,KCR,Final,N/A,N/A,N/A,47.36,52.64,4.17,4.4,8.57,-106,-102,8.0,N/A,N/A,N/A,N/A,N/A,N/A,N/A,N/A,N/A,-7.96,0.0,4.25,1.08,2.04,0.58,-7.27,0.0,11,5,16,N/A
2026-09-26,N/A,COL,CHW,Final,N/A,N/A,N/A,35.17,64.83,4.58,5.95,10.54,208,-231,8.0,N/A,N/A,N/A,N/A,N/A,N/A,N/A,N/A,N/A,8.32,1.0,-7.11,0.0,39.84,11.45,-48.6,0.0,9,6,15,N/A
2026-09-26,N/A,HOU,OAK,Final,N/A,N/A,N/A,63.52,36.48,5.47,4.29,9.75,-158,145,9.5,N/A,N/A,N/A,N/A,N/A,N/A,N/A,N/A,N/A,3.72,1.47,-10.62,0.0,-8.97,0.0,3.54,0.88,13,2,15,N/A
2026-09-26,N/A,LAA,SEA,Final,N/A,N/A,N/A,44.68,55.32,3.81,4.21,8.02,141,-154,7.0,N/A,N/A,N/A,N/A,N/A,N/A,N/A,N/A,N/A,7.68,1.36,-8.76,0.0,10.81,3.27,-17.3,0.0,4,8,12,N/A
2026-09-26,N/A,LAD,SFG,Final,N/A,N/A,N/A,69.39,30.61,4.96,3.37,8.33,-268,239,7.5,N/A,N/A,N/A,N/A,N/A,N/A,N/A,N/A,N/A,-4.72,0.0,3.77,0.39,15.77,3.72,-19.39,0.0,4,3,7,N/A
2026-09-26,N/A,NYM,WSN,Final,N/A,N/A,N/A,37.94,62.06,4.18,5.22,9.4,N/A,N/A,N/A,N/A,N/A,N/A,N/A,N/A,N/A,N/A,N/A,N/A,N/A,N/A,N/A,N/A,N/A,N/A,N/A,N/A,7,1,8,N/A
2026-09-26,N/A,PIT,DET,Final,N/A,N/A,N/A,55.99,44.01,4.76,4.27,9.04,N/A,N/A,N/A,N/A,N/A,N/A,N/A,N/A,N/A,N/A,N/A,N/A,N/A,N/A,N/A,N/A,N/A,N/A,N/A,N/A,3,4,7,N/A
2026-09-26,N/A,STL,MIL,Final,N/A,N/A,N/A,42.23,57.77,4.42,5.07,9.48,138,-150,7.5,N/A,N/A,N/A,N/A,N/A,N/A,N/A,N/A,N/A,0.51,0.09,-3.72,0.0,35.04,9.02,-39.64,0.0,2,3,5,N/A
2026-09-26,N/A,TBR,PHI,Final,N/A,N/A,N/A,51.97,48.03,4.68,4.51,9.19,-102,-106,7.0,N/A,N/A,N/A,N/A,N/A,N/A,N/A,N/A,N/A,2.92,0.74,-6.66,0.0,44.85,11.21,-47.11,0.0,12,1,13,N/A
2026-09-26,N/A,TEX,MIN,Final,N/A,N/A,N/A,47.96,52.04,4.47,4.67,9.14,-118,109,8.0,N/A,N/A,N/A,N/A,N/A,N/A,N/A,N/A,N/A,-11.4,0.0,8.76,2.01,20.64,5.21,-24.62,0.0,6,2,8,N/A
2026-09-27,N/A,ARI,SDP,Final,N/A,N/A,N/A,53.95,46.05,4.29,3.94,8.24,-143,131,8.0,N/A,N/A,N/A,N/A,N/A,N/A,N/A,N/A,N/A,-8.32,0.0,6.38,1.22,-2.11,0.0,-2.91,0.0,4,9,13,N/A
2026-09-27,N/A,ATL,MIA,Final,N/A,N/A,N/A,52.61,47.39,4.61,4.34,8.95,109,-118,8.0,N/A,N/A,N/A,N/A,N/A,N/A,N/A,N/A,N/A,9.95,2.28,-12.45,0.0,9.03,2.62,-15.3,0.0,3,5,8,N/A
2026-09-27,N/A,BAL,NYY,Cancelled,N/A,N/A,N/A,46.13,53.87,4.37,4.72,9.09,105,-114,7.5,N/A,N/A,N/A,N/A,N/A,N/A,N/A,N/A,N/A,-5.43,0.0,1.12,0.32,34.41,7.89,-35.29,0.0,N/A,N/A,N/A,N/A
2026-09-27,N/A,CHC,BOS,Final,N/A,N/A,N/A,62.31,37.69,5.43,4.38,9.82,,,,N/A,N/A,N/A,N/A,N/A,N/A,N/A,N/A,N/A,,0.0,,0.0,,0.0,,0.0,6,2,8,N/A
2026-09-27,N/A,CIN,TOR,Final,N/A,N/A,N/A,50.61,49.39,4.65,4.54,9.19,160,-175,9.0,N/A,N/A,N/A,N/A,N/A,N/A,N/A,N/A,N/A,31.59,4.94,-22.39,0.0,1.25,0.3,-5.76,0.0,1,5,6,N/A
2026-09-27,N/A,CLE,KCR,Final,N/A,N/A,N/A,62.76,37.24,4.65,3.61,8.26,-105,-103,8.5,N/A,N/A,N/A,N/A,N/A,N/A,N/A,N/A,N/A,22.53,5.91,-26.6,0.0,-15.92,0.0,11.16,2.79,2,3,5,N/A
2026-09-27,N/A,COL,CHW,Final,N/A,N/A,N/A,34.66,65.34,5.04,6.5,11.54,149,-163,8.5,N/A,N/A,N/A,N/A,N/A,N/A,N/A,N/A,N/A,-13.7,0.0,5.43,2.21,52.44,14.16,-59.1,0.0,2,4,6,N/A
2026-09-27,N/A,HOU,OAK,Final,N/A,N/A,N/A,63.1,36.9,5.23,4.11,9.33,-184,168,10.0,N/A,N/A,N/A,N/A,N/A,N/A,N/A,N/A,N/A,-2.61,0.0,-1.11,0.0,-23.57,0.0,18.45,4.89,9,0,9,N/A
2026-09-27,N/A,LAA,SEA,Final,N/A,N/A,N/A,44.43,55.57,3.63,4.08,7.71,144,-157,7.0,N/A,N/A,N/A,N/A,N/A,N/A,N/A,N/A,N/A,8.41,1.46,-9.04,0.0,8.92,2.36,-13.66,0.0,3,7,10,N/A
2026-09-27,N/A,LAD,SFG,Final,N/A,N/A,N/A,65.55,34.45,5.13,3.83,8.96,,,,N/A,N/A,N/A,N/A,N/A,N/A,N/A,N/A,N/A,,0.0,,0.0,,0.0,,0.0,5,1,6,N/A
2026-09-27,N/A,NYM,WSN,Final,N/A,N/A,N/A,42.23,57.77,4.77,5.47,10.24,-106,-102,8.5,N/A,N/A,N/A,N/A,N/A,N/A,N/A,N/A,N/A,-17.93,0.0,14.41,3.67,33.87,8.55,-37.78,0.0,4,6,10,N/A
2026-09-27,N/A,PIT,DET,Final,N/A,N/A,N/A,50.65,49.35,4.43,4.35,8.78,-115,106,7.5,N/A,N/A,N/A,N/A,N/A,N/A,N/A,N/A,N/A,-5.31,0.0,1.66,0.39,15.11,4.31,-21.87,0.0,4,2,6,N/A
2026-09-27,N/A,STL,MIL,Final,N/A,N/A,N/A,29.75,70.25,3.31,4.97,8.28,212,-235,7.0,N/A,N/A,N/A,N/A,N/A,N/A,N/A,N/A,N/A,-7.18,0.0,0.14,0.08,30.12,7.04,-31.13,0.0,4,6,10,N/A
2026-09-27,N/A,TBR,PHI,Final,N/A,N/A,N/A,54.68,45.32,4.11,3.74,7.85,151,-165,6.5,N/A,N/A,N/A,N/A,N/A,N/A,N/A,N/A,N/A,37.25,6.17,-27.21,0.0,23.39,6.72,-31.32,0.0,3,7,10,N/A
2026-09-27,N/A,TEX,MIN,Final,N/A,N/A,N/A,49.24,50.76,4.73,4.78,9.51,-121,112,8.0,N/A,N/A,N/A,N/A,N/A,N/A,N/A,N/A,N/A,-10.07,0.0,7.61,1.7,23.14,6.54,-29.78,0.0,4,6,10,N/A
2026-10-05,849839,NYY,TBR,Scheduled,2026-10-05T20:47:08Z,Cam Schlittler,Freddy Peralta,63.65,36.35,4.82,3.47,8.29,-117,108,6.5,-110,-102,52.86,47.14,56.64,43.36,63.63,55.37,0.0,5.05,1.48,-9.81,0.0,5.7,1.57,-11.61,0.0,N/A,N/A,N/A,Yes
